{"DESJ0029-3814_WFI": {"curves": {"A": {"magshift": 0.0, "timeshift": 0.0}, "B": {"magshift": -1.1029331383667156, "timeshift": -12.968996133462133}, "C": {"magshift": -1.28133507135151, "timeshift": -8.032750237846225}, "D": {"magshift": -1.0142947542353582, "timeshift": 42.971014120736115}}, "mltouse": ["linear", ["quadratic", "quadratic", "quadratic", "linear"]], "knotstouse": [15, 20], "tsrand": 8.0}, "ATLAS0259-1635_VST+WFI": {"curves": {"A": {"magshift": 0.0, "timeshift": 0.0}, "B": {"magshift": -0.25760938075648454, "timeshift": -8.10805681497568}, "C": {"magshift": -0.5888339698586371, "timeshift": 8.291658624568749}, "D": {"magshift": -0.9493323850696527, "timeshift": -16.338998770534186}}, "mltouse": ["spline_4", "spline_5"], "knotstouse": [15, 20], "tsrand": 8}, "RXJ0911+0551_WFI": {"curves": {"A": {"magshift": 0.0, "timeshift": 0.0}, "B": {"magshift": 0.7586051274618377, "timeshift": 2.3919227141249997}, "C": {"magshift": -0.05145657849779539, "timeshift": -7.161074622859896}, "D": {"magshift": -0.33681048459183316, "timeshift": 148.22079671069022}}, "mltouse": ["spline_3_fixed_knot", "spline_3"], "knotstouse": [15, 20], "tsrand": 10}, "PSJ0030-1525_WFI": {"curves": {"AD": {"magshift": 0.0, "timeshift": 0.0}, "B": {"magshift": -0.6222355799244674, "timeshift": 9.009594648538723}, "C": {"magshift": -1.8621920469134174, "timeshift": -18.77109852602416}}, "mltouse": ["linear", "quadratic", "cubic", "spline_3_fixed_knot"], "knotstouse": [20, 25, 30, 35]}, "DESJ0053-2012_WFI": {"curves": {"A": {"magshift": 0.0, "timeshift": 0.0}, "B": {"magshift": 0.11845644755439366, "timeshift": -24.31604955337086}, "C": {"magshift": -0.044132173750206505, "timeshift": -18.25254602540322}, "D": {"magshift": -2.465470470382452, "timeshift": -82.90339079791492}}, "mltouse": ["linear", "quadratic", "cubic", "spline_3_fixed_knot"], "knotstouse": [20, 25, 30, 35]}, "WG0214-2105_WFI+VST": {"curves": {"A": {"magshift": 0.0, "timeshift": 0.0}, "B": {"magshift": 0.08670758951402746, "timeshift": 10.475879178938012}, "C": {"magshift": 0.05106881383444062, "timeshift": -4.48419838291956}, "D": {"magshift": -0.19776453420848483, "timeshift": -1.7387184072980184}}, "mltouse": [["spline_3", "spline_5", "spline_3", "spline_9"], ["spline_4", "spline_6", "spline_4", "spline_10"]], "knotstouse": [20, 25, 30, 35]}, "HE0230-2130_VST+WFI": {"curves": {"A": {"magshift": 0.0, "timeshift": 0.0}, "B": {"magshift": -0.19484590735558172, "timeshift": -0.928964290999799}, "C": {"magshift": -0.4000936231078356, "timeshift": 9.421541551330673}, "D": {"magshift": -0.8816610968790606, "timeshift": -36.72445341870731}}, "mltouse": [["spline_11", "spline_4", "spline_4", "spline_5"], ["spline_12", "spline_5", "spline_5", "spline_6"]], "knotstouse": [19, 25, 30]}, "DESJ0420-4037_VST": {"curves": {"A": {"magshift": 0.0, "timeshift": 0.0}, "B": {"magshift": -0.11133371279307269, "timeshift": 1.4404425000000016}, "C": {"magshift": -0.25569676130670516, "timeshift": -5.992650071813968}, "D": {"magshift": -0.41930594061142656, "timeshift": 7.054679044212342}}, "mltouse": ["cubic", "spline_3_fixed_knot", "spline_3"], "knotstouse": [15, 25, 35]}, "DESJ0602-4335_WFI": {"curves": {"A": {"magshift": 0.0, "timeshift": 0.0}, "B": {"magshift": -0.08894004719305926, "timeshift": 23.054943890962825}}, "mltouse": ["linear", ["linear", "spline_3_fixed_knot"], ["cubic", "cubic"]], "knotstouse": [15, 20, 25]}, "J0607-2152_VST": {"curves": {"A": {"magshift": 0.0, "timeshift": 0.0}, "C": {"magshift": -1.4117288125095655, "timeshift": 12.684321913775943}, "D": {"magshift": -1.611848446126963, "timeshift": -17.642849342522155}}, "mltouse": ["spline_3_fixed_knot", "spline_3"], "knotstouse": [15, 17]}, "J0659+1629_LCOnotMuscat+VST+LCOMuscat3": {"curves": {"A": {"magshift": 0.0, "timeshift": 0.0}, "B": {"magshift": -1.5630421875685236, "timeshift": -15.512225393210798}, "C": {"magshift": -1.5717613494246194, "timeshift": -16.188235167331875}, "D": {"magshift": -1.3617081988650739, "timeshift": 263.28324342610034}}, "mltouse": [["spline_3_fixed_knot", "spline_3_fixed_knot", "spline_8", "spline_3_fixed_knot"], ["spline_3", "spline_3", "spline_8", "spline_3"], ["spline_5", "spline_5", "spline_9", "spline_5"]], "knotstouse": [15, 20, 25], "tsrand": 15}, "J0659+1629_LCOnotMuscat+VST+LCOMuscat3-2ndpossibility": {"curves": {"A": {"magshift": 0.0, "timeshift": 0.0}, "B": {"magshift": -1.5630421875685236, "timeshift": -13.77374896149426}, "C": {"magshift": -1.5717613494246194, "timeshift": -12.715905764821304}, "D": {"magshift": -1.3617081988650739, "timeshift": 311.54987143693484}}, "mltouse": [["spline_3_fixed_knot", "spline_3_fixed_knot", "spline_8", "spline_3_fixed_knot"], ["spline_3", "spline_3", "spline_8", "spline_3"], ["spline_5", "spline_5", "spline_9", "spline_5"]], "knotstouse": [15, 20, 25], "tsrand": 15}, "J0832+0404_WFI": {"curves": {"A": {"magshift": 0.0, "timeshift": 0.0}, "B": {"magshift": -0.18802929419121028, "timeshift": -127.39721629442077}}, "mltouse": ["linear", "spline_3_fixed_knot", "spline_3"], "knotstouse": [15, 25, 35], "tsrand": 10}, "J0924+0219_VST+WFI": {"curves": {"A": {"magshift": 0.0, "timeshift": 0.0}, "B": {"magshift": -1.662353552143852, "timeshift": 3.6260316925781244}, "C": {"magshift": -3.3962636611053085, "timeshift": -21.905411513832597}, "D": {"magshift": -3.5877522600511895, "timeshift": -3.9015644109374947}}, "mltouse": [["spline_12", "spline_12", "spline_6", "spline_6"], ["spline_13", "spline_13", "spline_7", "spline_7"], ["spline_14", "spline_14", "spline_8", "spline_8"]], "knotstouse": [15, 20, 25]}, "GRALJ1131-4419_WFI+VST": {"curves": {"AB": {"magshift": 0.0, "timeshift": 0.0}, "C": {"magshift": -1.5214667046745234, "timeshift": 3.5505893937500006}, "D": {"magshift": -1.6972170738110393, "timeshift": -9.506690122851563}}, "mltouse": ["spline_10", "spline_11"], "knotstouse": [13, 16, 19]}, "2M1310-1714_WFI+VST": {"curves": {"A": {"magshift": 0.0, "timeshift": 0.0}, "B": {"magshift": 0.0578669527048028, "timeshift": 21.646012819163673}, "C": {"magshift": 0.08668269179401022, "timeshift": 6.487586287461633}, "D": {"magshift": -0.2970082100100768, "timeshift": -33.870576231972734}}, "mltouse": ["spline_3", "spline_4"], "knotstouse": [17, 20, 25]}, "J1537-3010_WFI+VST": {"curves": {"A": {"magshift": 0.0, "timeshift": 0.0}, "B": {"magshift": -0.13407007744866206, "timeshift": 8.562898141501977}, "C": {"magshift": -0.16921927030377404, "timeshift": -28.99864952317631}, "D": {"magshift": -0.39334008307017143, "timeshift": -26.05827069699796}}, "mltouse": [["spline_4", "spline_4", "spline_4", "spline_7"], ["spline_5", "spline_5", "spline_5", "spline_8"]], "knotstouse": [20, 25, 30]}, "PSJ1606-2333_WFI+VST": {"curves": {"A": {"magshift": 0.0, "timeshift": 0.0}, "B": {"magshift": -0.17419563753581002, "timeshift": -10.656108608792268}, "C": {"magshift": -0.5101982467495461, "timeshift": -28.553987864584045}, "D": {"magshift": -0.6790101768614285, "timeshift": -34.865611596380276}}, "mltouse": ["spline_3", "spline_4"], "knotstouse": [15, 25, 30]}, "WGD2021-4115_WFI": {"curves": {"A": {"magshift": 0.0, "timeshift": 0.0}, "B": {"magshift": -0.3631373211125606, "timeshift": -94.6016031861206}}, "mltouse": ["linear", "cubic"], "knotstouse": [15, 20], "tsrand": 8}, "WFIJ2026-4536_VST": {"curves": {"AD": {"magshift": 0.0, "timeshift": 0.0}, "B": {"magshift": -1.779158902003097, "timeshift": 17.18942470870309}, "C": {"magshift": -1.9998608672625053, "timeshift": -14.193484537764741}}, "mltouse": ["linear", "quadratic", "spline_3_fixed_knot", "spline_3"], "knotstouse": [20, 25]}, "DES2038-4008_ECAMWFI": {"curves": {"A": {"magshift": 0.0, "timeshift": 0.0}, "B": {"magshift": 0.14261678896608598, "timeshift": -14.335276090209975}, "C": {"magshift": 0.09328375926907884, "timeshift": -8.130906370886358}, "D": {"magshift": -0.7526901398340712, "timeshift": -34.72614740080788}}, "mltouse": ["spline_4", "spline_5"], "knotstouse": [40, 45]}, "J2100-4452_ECAM+WFI": {"curves": {"AB": {"magshift": 0.0,